{
  "batch_key": "batch",
  "n_batches": 17,
  "counts": {
    "10": 6556,
    "16": 6079,
    "0": 6043,
    "15": 5742,
    "4": 5419,
    "13": 5085,
    "7": 5076,
    "5": 4861,
    "6": 4654,
    "1": 4459,
    "8": 4384,
    "12": 4356,
    "14": 4268,
    "9": 4173,
    "2": 3962,
    "11": 3527,
    "3": 3004
  },
  "fractions": {
    "10": 0.08029590436997844,
    "16": 0.07445375269449343,
    "0": 0.07401283558690966,
    "15": 0.070326278659612,
    "4": 0.06637027238879091,
    "13": 0.06227954144620811,
    "7": 0.062169312169312166,
    "5": 0.05953605722124241,
    "6": 0.057000783852635704,
    "1": 0.05461248285322359,
    "8": 0.0536939055457574,
    "12": 0.05335097001763668,
    "14": 0.05227317264354302,
    "9": 0.051109641387419164,
    "2": 0.04852537722908093,
    "11": 0.04319762884577699,
    "3": 0.03679208308837938
  },
  "batches_below_min_fraction_warn": {}
}